Index,Company Logo,Logo,Company Name,Location,Description,Batch,Field,Specialization,YC Link
1,https://bookface-images.s3.amazonaws.com/small_logos/82971ab934851a55cee1aa3b11b22839902e7f2e.png,,Xendit,"Jakarta, Jakarta, Indonesia",Provides payment infrastructure for Southeast Asia,S15,FINTECH,PAYMENTS,https://www.ycombinator.com/companies/xendit
2,https://bookface-images.s3.amazonaws.com/small_logos/e1bf471cb1ca823b88101b2542b323bf09e743d5.png,,Ajaib,"Jakarta, Jakarta, Indonesia",Consumer fintech for Indonesia,S18,FINTECH,BANKING AND EXCHANGE,https://www.ycombinator.com/companies/ajaib
3,https://bookface-images.s3.amazonaws.com/small_logos/d7e6eeda0da5998a1259c2403e1417212d97b487.png,,Shipper,"Jakarta, Jakarta, Indonesia",Southeast Asia’s e-commerce logistics and enablement platform,W19,B2B,SUPPLY CHAIN AND LOGISTICS,https://www.ycombinator.com/companies/shipper
4,https://bookface-images.s3.amazonaws.com/small_logos/b71ac4245fd1b313b185f2e767a0c0a96e9b13b9.png,,FAZZ,"Jakarta, Jakarta, Indonesia",All-in-one Finance for Every Southeast Asia Business,S17,FINTECH,,https://www.ycombinator.com/companies/fazz
5,https://bookface-images.s3.amazonaws.com/small_logos/573684f2ec0dab289ea0dd5bacd0ea7b65204a36.png,,Spenmo,"Singapore, Singapore","A spend management software that provides businesses visibility,…",S20,FINTECH,BANKING AND EXCHANGE,https://www.ycombinator.com/companies/spenmo
6,https://bookface-images.s3.amazonaws.com/small_logos/753f62b42ec2f778dd6395d3ae91802c52ab6b5a.png,,Aspire,"Singapore, Singapore",All-in-one Finance OS for businesses,W18,FINTECH,PAYMENTS,https://www.ycombinator.com/companies/aspire
7,https://bookface-images.s3.amazonaws.com/small_logos/b2e6a479f6bce7479db38cdc02766040277a9254.png,,Super,"Surabaya, East Java, Indonesia",Super is the first and leading Indonesian social commerce platform,W18,CONSUMER,,https://www.ycombinator.com/companies/super
8,https://bookface-images.s3.amazonaws.com/small_logos/ea907a1b87549241f7b6d528f2704f3c3341d802.png,,BukuWarung,"Jakarta, Jakarta, Indonesia","Accounting, Payments & Credit app for 60M micro-businesses in…",S20,FINTECH,PAYMENTS,https://www.ycombinator.com/companies/bukuwarung
9,https://bookface-images.s3.amazonaws.com/small_logos/6d36cb19e3763316417518c3b4a2fe8f501c6bbc.png,,Unbabel,"San Francisco, CA, USA",AI-powered Language Operations platform,W14,B2B,OPERATIONS,https://www.ycombinator.com/companies/unbabel
10,https://bookface-images.s3.amazonaws.com/small_logos/2d4b8eea553ccc3ff1a645fc2affd4f8c5fc3b26.png,,Snappr,"San Francisco, CA, USA",Snappr is the one-stop-shop for visual content creation,W17,B2B,,https://www.ycombinator.com/companies/snappr
11,https://bookface-images.s3.amazonaws.com/small_logos/4dbbdf11aa95883486f40814fe98f6187b29b527.png,,PayMongo,"Taguig, NCR, Philippines",Modern online payments for the Philippines,S19,FINTECH,PAYMENTS,https://www.ycombinator.com/companies/paymongo
12,https://bookface-images.s3.amazonaws.com/small_logos/3fafbc0fbed91c91e5664f3b665740b3a037febe.png,,X-Zell,"Singapore, Singapore","Early, pain-free cancer detection.",W15,HEALTHCARE,DIAGNOSTICS,https://www.ycombinator.com/companies/x-zell
13,https://bookface-images.s3.amazonaws.com/small_logos/054014714327c1ca4a89093ff488ef0e91f04649.png,,Tech in Asia,"Singapore, Singapore",Tech in Asia (YC W15) is the largest English-language technology…,W15,CONSUMER,CONTENT,https://www.ycombinator.com/companies/tech-in-asia
14,https://bookface-images.s3.amazonaws.com/small_logos/1201a58c5de47a287ab4ea6a262a2598a1e6f3af.png,,Peeba,"Hong Kong, Hong Kong",Risk-free wholesale for retailers across Southeast Asia,W23,B2B,,https://www.ycombinator.com/companies/peeba
15,https://bookface-images.s3.amazonaws.com/small_logos/b934ac4e6592338ecfb6059eed0e744a22a3698a.png,,Proglix,"Jakarta, Jakarta, Indonesia",B2B Marketplace for Raw Materials in Indonesia,W23,INDUSTRIALS,,https://www.ycombinator.com/companies/proglix
16,https://bookface-images.s3.amazonaws.com/small_logos/067a567fc6eee729415d72514491e970329e357d.png,,Materee,"Jakarta, Jakarta, Indonesia",E-commerce platform for construction materials in Indonesia,S22,B2B,,https://www.ycombinator.com/companies/materee
17,https://bookface-images.s3.amazonaws.com/small_logos/6dd29af9f879e5798e9146343d3f804a3776eaf9.png,,Uwi,"Singapore, Singapore",Financing solutions for Southeast Asia housing crisis,S22,REAL ESTATE AND CONSTRUCTION,HOUSING AND REAL ESTATE,https://www.ycombinator.com/companies/uwi
18,https://bookface-images.s3.amazonaws.com/small_logos/ee4fe8802a71f25c6c2c285c8ec9843ecd6d8ebe.png,,Payable,"Jakarta, Jakarta, Indonesia",No-code online payment collection for Indonesian businesses.,S22,B2B,FINANCE AND ACCOUNTING,https://www.ycombinator.com/companies/payable-2
19,https://bookface-images.s3.amazonaws.com/small_logos/76a28e876eb9c3cbdcc9c73b1d02c839d73c053e.png,,Shipmates,"Makati, NCR, Philippines",Shipping platform for online merchants in the Philippines,S22,B2B,SUPPLY CHAIN AND LOGISTICS,https://www.ycombinator.com/companies/shipmates
20,https://bookface-images.s3.amazonaws.com/small_logos/e25e24a5fa3f139a8a009664672a9b500220c220.png,,Ajourney,"Singapore, Singapore",Gusto for South East Asia,S22,B2B,,https://www.ycombinator.com/companies/ajourney
21,https://bookface-images.s3.amazonaws.com/small_logos/0f09416ad2c5f002a936e7a5c658f21cd5712699.png,,Metafi,"Singapore, Singapore",Blockchain infrastructure for Web3 games,S22,B2B,"ENGINEERING, PRODUCT AND DESIGN",https://www.ycombinator.com/companies/metafi
22,https://bookface-images.s3.amazonaws.com/small_logos/401f1712c75af775727056181128d235a71bb8e5.png,,Delegasi,"Bandung, West Java, Indonesia",Automated accounting service for small businesses in Indonesia,S22,B2B,FINANCE AND ACCOUNTING,https://www.ycombinator.com/companies/delegasi
23,https://bookface-images.s3.amazonaws.com/small_logos/eb805ecba168243d2e3eea815c494ceb319e9267.png,,CrediBook,"Jakarta, Jakarta, Indonesia",Faire for Indonesia,W22,B2B,RETAIL,https://www.ycombinator.com/companies/credibook
24,https://bookface-images.s3.amazonaws.com/small_logos/68a34b0a86ae2d3f1b2df61f609c0c41bb4ae9e6.png,,Fresh Factory,"Jakarta, Jakarta, Indonesia",Smart Cold Chain Fulfillment Platform,W22,B2B,SUPPLY CHAIN AND LOGISTICS,https://www.ycombinator.com/companies/fresh-factory
25,https://bookface-images.s3.amazonaws.com/small_logos/0264ea871146dba5afa9e468acff02ea70924974.png,,Bananas,"Jakarta, Jakarta, Indonesia",Groceries delivered in minutes.,W22,CONSUMER,FOOD AND BEVERAGE,https://www.ycombinator.com/companies/bananas
26,https://bookface-images.s3.amazonaws.com/small_logos/967086215a90a3a36d46b7d111b26a6b9df49c40.png,,Finnix,"Jakarta, Jakarta, Indonesia",Financial technology solutions for Indonesian creative businesses,W22,FINTECH,INSURANCE,https://www.ycombinator.com/companies/finnix
27,https://bookface-images.s3.amazonaws.com/small_logos/e9223cea998383ca05659ccb9f8a005d117395d4.png,,Poko,"Singapore, Singapore",Seamless Fiat Payments for Web3,W22,FINTECH,,https://www.ycombinator.com/companies/poko
28,https://bookface-images.s3.amazonaws.com/small_logos/aa9178d0b014c641d94c14957d7103e94f2bda01.png,,Dealls – Jobs & Mentoring,"Singapore, Singapore",Indonesia's #1 ATS & Job Portal to match top talents & companies,W22,B2B,RECRUITING AND TALENT,https://www.ycombinator.com/companies/dealls-jobs-and-mentoring
29,https://bookface-images.s3.amazonaws.com/small_logos/80edaceef70737d2f96cfc2d1fcd50a1e593fe63.png,,Circular,"Singapore, Singapore",Subscription consumer electronics for Asia,W22,CONSUMER,CONSUMER ELECTRONICS,https://www.ycombinator.com/companies/circular
30,https://bookface-images.s3.amazonaws.com/small_logos/22014ae42b07dcdd7cfa478d98496b4ded0b0230.png,,Powerhouse AI,"Singapore, Singapore",Vision-powered warehouse automation: maximizing performance and value,W22,B2B,SUPPLY CHAIN AND LOGISTICS,https://www.ycombinator.com/companies/powerhouse-ai
31,https://bookface-images.s3.amazonaws.com/small_logos/379c3257cdc01831f62c3909127fb8b034198fde.png,,GIMO,"Hanoi, Hanoi, Vietnam",We help underbanked workers get paid before payday,W22,FINTECH,CREDIT AND LENDING,https://www.ycombinator.com/companies/gimo
32,https://bookface-images.s3.amazonaws.com/small_logos/dd2fc34605d4558d713fd1df46893a192df5b825.png,,Finku,"Jakarta, Jakarta, Indonesia",Personal finance platform for Indonesia,W22,FINTECH,,https://www.ycombinator.com/companies/finku
33,https://bookface-images.s3.amazonaws.com/small_logos/8f39eb9e04c034ebceea283b64680639bfbddc32.png,,Marathon Education,"Ho Chi Minh City, Ho Chi Minh City, Vietnam",We provide live after-school tutoring to K-12 students in Vietnam,W22,EDUCATION,,https://www.ycombinator.com/companies/marathon-education
34,https://bookface-images.s3.amazonaws.com/small_logos/5ea8243f6dc8eeb03dde825a84292c7087f12559.png,,Unravel Carbon,"Singapore, Singapore",Enterprise software for companies to track & reduce their carbon…,W22,B2B,,https://www.ycombinator.com/companies/unravel-carbon
35,https://bookface-images.s3.amazonaws.com/small_logos/a3371ff710a135af2d2ac975d4af1b4b7ff5df24.png,,PINA,"Jakarta, Jakarta, Indonesia",WealthFront of Indonesia,W22,FINTECH,,https://www.ycombinator.com/companies/pina
36,https://bookface-images.s3.amazonaws.com/small_logos/29b4bab56f2a8fa619215587a06c5eb9a44159be.png,,Take App,"Singapore, Singapore",Shopify for WhatsApp commerce,W22,B2B,,https://www.ycombinator.com/companies/take-app
37,https://bookface-images.s3.amazonaws.com/small_logos/e99d914df5a44d5437b0a42cd64a9f1c32f5e401.png,,Durioo,"Cyberjaya, Selangor, Malaysia",Streaming Platform for Muslim Children,W22,CONSUMER,CONTENT,https://www.ycombinator.com/companies/durioo
38,https://bookface-images.s3.amazonaws.com/small_logos/05a03ea417f46abfe09f6271a170e5938504248c.png,,Cera,"Singapore, Singapore",Trade US Stocks with Stablecoins.,W22,FINTECH,,https://www.ycombinator.com/companies/cera
39,https://bookface-images.s3.amazonaws.com/small_logos/71de9f890b7d76a3b3372220d2a6dac105772772.png,,Anfin,"Ho Chi Minh City, Ho Chi Minh City, Vietnam",A multi-asset trading platform dedicated to retail investors,W22,FINTECH,ASSET MANAGEMENT,https://www.ycombinator.com/companies/anfin
40,https://bookface-images.s3.amazonaws.com/small_logos/03071ce3a07e973ab68f83899cdb6582b849d58e.png,,Power to the Brand,"Singapore, Singapore",Marketing & distribution as-a-service in Southeast Asia,W22,B2B,,https://www.ycombinator.com/companies/power-to-the-brand
41,https://bookface-images.s3.amazonaws.com/small_logos/09c76f2c8efc3d34c7d5faf491ca2acdfa542fb7.png,,Flagright,Singapore,AI-powered AML compliance platform for fintechs & banks,W22,B2B,,https://www.ycombinator.com/companies/flagright
42,https://bookface-images.s3.amazonaws.com/small_logos/42624b47fffc5d9d7f83077c9c444743511d6eb9.png,,Reforged Labs,"Ho Chi Minh City, Ho Chi Minh City, Vietnam",Start generating new levels in your mobile game in minutes,W22,CONSUMER,GAMING,https://www.ycombinator.com/companies/reforged-labs
43,https://bookface-images.s3.amazonaws.com/small_logos/a8d7f4a2fdfaa5752345055b8afe93dcae1b3d01.png,,Bakool,"Jakarta, Jakarta, Indonesia",Group buying for Fresh in Indonesia's tier 2 cities,W22,CONSUMER,,https://www.ycombinator.com/companies/bakool
44,https://bookface-images.s3.amazonaws.com/small_logos/7a6357973a46d4cf507b271ba83195b2eb66b14e.png,,Sribuu,"Jakarta, Jakarta, Indonesia",AI-powered wealth management platform from Indonesia,W22,FINTECH,,https://www.ycombinator.com/companies/sribuu
45,https://bookface-images.s3.amazonaws.com/small_logos/b81503bc6d67c29826f3b2834f6388615f47e681.png,,UpBanx,"Jakarta, Jakarta, Indonesia",Brex for D2C Brands and Content Creators in Indonesia,W22,FINTECH,,https://www.ycombinator.com/companies/upbanx
46,https://bookface-images.s3.amazonaws.com/small_logos/b558731717f275fda1e0113ad54aa54d77d8cd3e.png,,Whiz,"Jakarta, Jakarta, Indonesia",First Fintech for Teenagers in Indonesia,W22,FINTECH,PAYMENTS,https://www.ycombinator.com/companies/whiz
47,https://bookface-images.s3.amazonaws.com/small_logos/1fc4d4d6cd16d4f8ce6f57b2937106db1cc51497.png,,Dropezy,"Jakarta, Jakarta, Indonesia",Delivering groceries under 15 minutes in Indonesia,W22,CONSUMER,,https://www.ycombinator.com/companies/dropezy
48,https://bookface-images.s3.amazonaws.com/small_logos/426b36c28bc342e35b5e9698efaec7d42be93064.png,,Yezza,"Kuala Lumpur, Federal Territory of Kuala Lumpur, Malaysia",Storefronts on WhatsApp in Southeast Asia,W22,B2B,,https://www.ycombinator.com/companies/yezza
49,https://bookface-images.s3.amazonaws.com/small_logos/3327c51587369d7b45bcc3a56086a62f8908e713.png,,bipi,"Jakarta, Jakarta, Indonesia",Bringing internet commerce to Indonesia’s neighbourhood stores,W22,B2B,RETAIL,https://www.ycombinator.com/companies/bipi
50,https://bookface-images.s3.amazonaws.com/small_logos/cf4bb6093a727267a92cc70e9bafd5dd3bde3b1a.png,,Transfez,"Jakarta, Jakarta, Indonesia",Brex for small businesses in Indonesia,W22,FINTECH,PAYMENTS,https://www.ycombinator.com/companies/transfez
51,https://bookface-images.s3.amazonaws.com/small_logos/f59b4fa6c1b83c6d1b9ccf4e02733f3f60a7a727.png,,Peakflo,"Singapore, Singapore",Bill.com for SE Asia,W22,FINTECH,PAYMENTS,https://www.ycombinator.com/companies/peakflo
52,https://bookface-images.s3.amazonaws.com/small_logos/79b74bf1a8009a0f4c3b0fd036ff57515ff6760b.png,,TazkerAI / Lumina,"Singapore, Singapore",AI+human powered automation on job-community platform with 1.5M…,W22,B2B,OPERATIONS,https://www.ycombinator.com/companies/tazkerai-lumina
53,https://bookface-images.s3.amazonaws.com/small_logos/77275acc16452910484633575de217e093bc7173.png,,StafBook,"Jakarta, Jakarta, Indonesia",Rippling for Southeast Asia,W22,B2B,HUMAN RESOURCES,https://www.ycombinator.com/companies/stafbook
54,https://bookface-images.s3.amazonaws.com/small_logos/0d0b689c7b0d4a958fe7a07cbfb088dcaf80a2b9.png,,Titipku,"Jakarta, Jakarta, Indonesia",Super Hyperlocal Marketplace for SMEs in Indonesia,S21,CONSUMER,,https://www.ycombinator.com/companies/titipku
55,https://bookface-images.s3.amazonaws.com/small_logos/0af36732c31f9de500d8cee39a790da8b6870407.png,,Adra,"Singapore, Singapore",Driving dental clinic revenue by finding more cavities,S21,HEALTHCARE,HEALTHCARE IT,https://www.ycombinator.com/companies/adra
56,https://bookface-images.s3.amazonaws.com/small_logos/b5fbe6f0988ece99d1e7fc4b4ccb58b5d8ab3808.png,,Atlas,"Singapore, Singapore","Operating system for restaurants, focusing on Southeast Asia",S21,B2B,,https://www.ycombinator.com/companies/atlas
57,https://bookface-images.s3.amazonaws.com/small_logos/c207a301c4b691e3442cd4f0f0e317b08fdb8c94.png,,Pandai,"Kuala Lumpur, Federal Territory of Kuala Lumpur, Malaysia",Learning app for school students in Southeast Asia,S21,EDUCATION,,https://www.ycombinator.com/companies/pandai
58,https://bookface-images.s3.amazonaws.com/small_logos/68cc6dc1003fcb9d0080d35b246bac60e1063ac3.png,,Infina,"Ho Chi Minh City, Ho Chi Minh City, Vietnam",Leading wealth management and investing platform in Vietnam,S21,FINTECH,,https://www.ycombinator.com/companies/infina
59,https://bookface-images.s3.amazonaws.com/small_logos/e4b949ac3131bfb2ed68d424a5df1c9a1eea5c64.png,,HitPay,"Singapore, Singapore",All-in-one payment processing platform for SMBs,S21,FINTECH,PAYMENTS,https://www.ycombinator.com/companies/hitpay
60,https://bookface-images.s3.amazonaws.com/small_logos/29dd72f67456b65cfeef28b54c79f29b3495d516.png,,Sirka,"Jakarta, Jakarta, Indonesia",Noom for Southeast Asia,S21,HEALTHCARE,CONSUMER HEALTH AND WELLNESS,https://www.ycombinator.com/companies/sirka
61,https://bookface-images.s3.amazonaws.com/small_logos/3a838e693023c8172a3c98e3ed3068500a531a5e.png,,Intellect,"Singapore, Singapore",A modern-day mental health company for Asia.,S21,HEALTHCARE,CONSUMER HEALTH AND WELLNESS,https://www.ycombinator.com/companies/intellect
62,https://bookface-images.s3.amazonaws.com/small_logos/0b961a8c07c7968b9cb9e1c4af18ee0b3b43ac35.png,,Arrow,"Singapore, Singapore",Modern Checkout Platform for D2C brands in Southeast Asia,S21,FINTECH,PAYMENTS,https://www.ycombinator.com/companies/arrow
63,https://bookface-images.s3.amazonaws.com/small_logos/6b7be3c4ba661d5b0f410a12fded0d9add5f93d1.png,,MindFi,"Singapore, Singapore",Transforming Mental Health for Corporate Asia,S21,B2B,HUMAN RESOURCES,https://www.ycombinator.com/companies/mindfi
64,https://bookface-images.s3.amazonaws.com/small_logos/6b5415e99a282adb7d3c9a9eaa43870bc237d412.png,,Warpfy,"Singapore, Singapore",We acquire and scale global D2C brands (Thrasio + SheIn),S21,CONSUMER,,https://www.ycombinator.com/companies/warpfy
65,https://bookface-images.s3.amazonaws.com/small_logos/58720fe5abb9edc103e35c39f007e0f88bc23343.png,,Dreamerly,"Singapore, Singapore",Art commission marketplace,S21,CONSUMER,,https://www.ycombinator.com/companies/dreamerly
66,https://bookface-images.s3.amazonaws.com/small_logos/360b716e9bd195ffb328c46761ed387863edd652.png,,Verihubs,"Jakarta, Jakarta, Indonesia",Identity and Risk Decision Platfrom for Indonesia,S21,B2B,"ENGINEERING, PRODUCT AND DESIGN",https://www.ycombinator.com/companies/verihubs
67,https://bookface-images.s3.amazonaws.com/small_logos/4ad6d65b73663c6f23ddabd04f80d71e271e2d37.png,,Tablevibe,"Singapore, Singapore",Free online ordering system for restaurants,S21,B2B,RETAIL,https://www.ycombinator.com/companies/tablevibe-co
68,https://bookface-images.s3.amazonaws.com/small_logos/6d22eda695de2efb6374382c850b5ffe07631168.png,,Strive Math,"Singapore, Singapore",Online Coding School for Kids 8-16,S21,EDUCATION,,https://www.ycombinator.com/companies/strive-math
69,https://bookface-images.s3.amazonaws.com/small_logos/91384c8f455c6860b2a73e8558d2b314761ecf47.png,,Advantage Club,"Gurugram, HR, India",Global platform for employee engagement with rewards&flexible benefits,S21,B2B,HUMAN RESOURCES,https://www.ycombinator.com/companies/advantage-club
70,https://bookface-images.s3.amazonaws.com/small_logos/1291f709de04bd35266cafcf047e0cc80f5b1280.png,,Deskimo,"Singapore, Singapore","Workspaces on demand, paid by the minute.",S21,B2B,OFFICE MANAGEMENT,https://www.ycombinator.com/companies/deskimo
71,https://bookface-images.s3.amazonaws.com/small_logos/2373edb1dc8e6a513434fa0240f39eb4b143a3be.png,,Hive Health,"NCR, Philippines",Simplified digital health insurance for Filipino SMBs,S21,HEALTHCARE,,https://www.ycombinator.com/companies/hive-health
72,https://bookface-images.s3.amazonaws.com/small_logos/0231dbdea9ea0245b47c0551525efdd857307371.png,,Cococart,"Singapore, Singapore",Empowering local businesses to sell online.,S21,B2B,,https://www.ycombinator.com/companies/cococart
73,https://bookface-images.s3.amazonaws.com/small_logos/b845da29a5d48b75776ba0a4567d441e54d5cac3.png,,Nano Technologies,"Hanoi, Vietnam",Payroll app to pay workers daily for retailers & manufacturers in SEA,W21,FINTECH,CREDIT AND LENDING,https://www.ycombinator.com/companies/nano-technologies
74,https://bookface-images.s3.amazonaws.com/small_logos/1a2e17ef5f315b7d43a751993de676bf13903bea.png,,NextPay,"Makati, NCR, Philippines",The digital bank for small businesses in the Philippines.,W21,FINTECH,BANKING AND EXCHANGE,https://www.ycombinator.com/companies/nextpay
75,https://bookface-images.s3.amazonaws.com/small_logos/37924713e6101b57e82c0084ec0a794fe7982489.png,,Avion School,"Manila, NCR, Philippines",We teach Filipinos to become remote software engineers globally.,W21,EDUCATION,,https://www.ycombinator.com/companies/avion-school
76,https://bookface-images.s3.amazonaws.com/small_logos/e03c6972dbbb7bfad3e7b3234b4c293d71b365cc.png,,Friz,"Singapore, Singapore",AI Social Media Manager,W21,CONSUMER,JOB AND CAREER SERVICES,https://www.ycombinator.com/companies/friz
77,https://bookface-images.s3.amazonaws.com/small_logos/40f593ffbf87115d864ecfbdee92baad6860322a.png,,Homebase,"Ho Chi Minh City, Ho Chi Minh City, Vietnam",Personalized rent-to-own real estate financing using technology in SEA,W21,REAL ESTATE AND CONSTRUCTION,HOUSING AND REAL ESTATE,https://www.ycombinator.com/companies/homebase
78,https://bookface-images.s3.amazonaws.com/small_logos/c83d7cd944c66a4565ddeaebe43111f7196d0a98.png,,Greywing,"Singapore, Singapore",The Operating System for Maritime,W21,B2B,SUPPLY CHAIN AND LOGISTICS,https://www.ycombinator.com/companies/greywing
79,https://bookface-images.s3.amazonaws.com/small_logos/190c3ac06e53c62124919e1986a344ec51b69fea.png,,FirstSupport.ai,"Bandung, West Java, Indonesia",AI Assistant for Customer Support,W21,B2B,OPERATIONS,https://www.ycombinator.com/companies/firstsupport-ai
80,https://bookface-images.s3.amazonaws.com/small_logos/d7d26e3a8b124e3c002dfda1b12da4ee6b000aa8.png,,BrioHR,"Kuala Lumpur, Federal Territory of Kuala Lumpur, Malaysia",All-in-one HR management platform for SMEs,W21,B2B,HUMAN RESOURCES,https://www.ycombinator.com/companies/briohr
81,https://bookface-images.s3.amazonaws.com/small_logos/17bae995f6b0935acaf72c03ea91d219a569c6dc.png,,Dashlabs.ai,"Manila, NCR, Philippines",Lab software for emerging markets,W21,HEALTHCARE,HEALTHCARE IT,https://www.ycombinator.com/companies/dashlabs-ai
82,https://bookface-images.s3.amazonaws.com/small_logos/8d1b859d99f654a1c205c27880e536814118b5c7.png,,Aviron Interactive,"Toronto, ON, Canada",Aviron is Peloton with fully animated video games for rowing,W21,CONSUMER,HOME AND PERSONAL,https://www.ycombinator.com/companies/aviron-interactive
83,https://bookface-images.s3.amazonaws.com/small_logos/2615dbebb40951851c86456978ee22499bab96fc.png,,Cyble,"Atlanta, GA, USA",Cyble is one of the fastest-growing threat intelligence provider.,W21,B2B,SECURITY,https://www.ycombinator.com/companies/cyble
84,https://bookface-images.s3.amazonaws.com/small_logos/2b0f2c4947976db4329789cc22f30a10206acb57.png,,Notabene,"New York, NY, USA",Software to manage risk in crypto transactions,S20,B2B,SECURITY,https://www.ycombinator.com/companies/notabene
85,https://bookface-images.s3.amazonaws.com/small_logos/26546d4be80e83088bea9fc9e77f6aa3cd234174.png,,Decentro,"Bengaluru, KA, India",API Platform for Banking Integrations (Plaid for India and APAC),S20,B2B,"ENGINEERING, PRODUCT AND DESIGN",https://www.ycombinator.com/companies/decentro
86,https://bookface-images.s3.amazonaws.com/small_logos/db128807c45c4e66979161cb1469269d81323e67.png,,Hypotenuse AI,"Singapore, Singapore",Create unique copywriting and visual content in seconds using AI,S20,B2B,,https://www.ycombinator.com/companies/hypotenuse-ai
87,https://bookface-images.s3.amazonaws.com/small_logos/a2969762f324adcf3509c5854bebc199ecc587cb.png,,Volopay,"Singapore, Singapore",Brex for South East Asia - Corporate cards & automated payments.,S20,FINTECH,PAYMENTS,https://www.ycombinator.com/companies/volopay
88,https://bookface-images.s3.amazonaws.com/small_logos/68f1e609dbf04a24cdb56fcd4771c47aa0ce6074.png,,Bot MD,"Singapore, Singapore",AI Clinical Assistant for Doctors,S18,HEALTHCARE,HEALTHCARE SERVICES,https://www.ycombinator.com/companies/bot-md
89,https://bookface-images.s3.amazonaws.com/small_logos/c08a99595929227809d749f19797f066195ec973.png,,ErudiFi,"Singapore, Singapore",Digital financial services for students in Southeast Asia,W18,FINTECH,CREDIT AND LENDING,https://www.ycombinator.com/companies/erudifi
90,https://bookface-images.s3.amazonaws.com/small_logos/f621af262fcac2c513091359f1d4022681e9cb67.png,,Pop Meals,"Kuala Lumpur, Federal Territory of Kuala Lumpur, Malaysia",Pop Meals is a restaurant chain without chefs. All recipes are…,S17,CONSUMER,FOOD AND BEVERAGE,https://www.ycombinator.com/companies/pop-meals
91,https://bookface-images.s3.amazonaws.com/small_logos/48fa317046a8258e93fd5a9fb962f92a1dd83daf.png,,AlemHealth,"Singapore, Singapore",AI Radiologist in a Box - We provide a vertically integrated AI…,W17,HEALTHCARE,HEALTHCARE SERVICES,https://www.ycombinator.com/companies/alemhealth
92,https://bookface-images.s3.amazonaws.com/small_logos/2db4dddea02151de0da490cfe73ef39915dc72cf.png,,Jenfi,"Singapore, Singapore",Jenfi provides revenue-based financing for digital businesses in Asia,W20,FINTECH,CREDIT AND LENDING,https://www.ycombinator.com/companies/jenfi
93,https://bookface-images.s3.amazonaws.com/small_logos/7e0a53df0e6800e9f647ef8fda11608026855e1d.png,,borong,"Kuala Lumpur, Federal Territory of Kuala Lumpur, Malaysia",borong is a SaaS-enabled marketplace that connects brands like…,W20,B2B,RETAIL,https://www.ycombinator.com/companies/borong
94,https://bookface-images.s3.amazonaws.com/small_logos/ca2eeced0ec6f223c4d631e5cc65f0583ebd7ea4.png,,Pahamify,"West Java, Indonesia",College entrance test preparation App for students in Indonesia,W20,EDUCATION,,https://www.ycombinator.com/companies/pahamify
95,https://bookface-images.s3.amazonaws.com/small_logos/766a16d49e6e5875f93d06424e0d5a962067f994.png,,twoplus fertility,"Singapore, Singapore",An effective home-use fertility treatment for natural conception,S20,HEALTHCARE,CONSUMER HEALTH AND WELLNESS,https://www.ycombinator.com/companies/hannah-life-technologies
96,https://bookface-images.s3.amazonaws.com/small_logos/6902f9194abc25bd591410dc7d36f885a97b62e1.png,,Taskade,"San Francisco, CA, USA",AI-Powered Productivity — A Second Brain for You and Your Teams,S19,B2B,PRODUCTIVITY,https://www.ycombinator.com/companies/taskade
97,https://bookface-images.s3.amazonaws.com/small_logos/d9210fa29ca11f819a8ea21fa11ff29934807fd3.png,,Eden Farm,"Jakarta, Jakarta, Indonesia",Delivering fruits and vegetables to multi-segment restaurants and…,S19,B2B,SUPPLY CHAIN AND LOGISTICS,https://www.ycombinator.com/companies/eden-farm
98,https://bookface-images.s3.amazonaws.com/small_logos/c596ab097b07f2b61484b9d5c2369c702ed12d68.png,,Shiok Meats,"Singapore, Singapore","Shiok Meats is a cell-based clean shrimp company, the first of its…",W19,HEALTHCARE,INDUSTRIAL BIO,https://www.ycombinator.com/companies/shiok-meats
99,https://bookface-images.s3.amazonaws.com/small_logos/974ac0591edce5b3e32f3208ef9dcf2c5d0a6918.png,,Traverse Technologies,"Singapore, Singapore",AI driven professional engineering firm,W19,B2B,OPERATIONS,https://www.ycombinator.com/companies/traverse-technologies
100,https://bookface-images.s3.amazonaws.com/small_logos/a245b251345898b1be8d12a5e6c8a1de81dc99d7.png,,AllSome Fulfillment,"Shenzhen, Guangdong, China",Fulfillment platform to build Southeast Asia e-commerce operations,W19,B2B,SUPPLY CHAIN AND LOGISTICS,https://www.ycombinator.com/companies/allsome-fulfillment
101,https://bookface-images.s3.amazonaws.com/small_logos/2fea55ddf6b75371887dc67daba49c0771b81583.png,,Xfers,"Singapore, Singapore",Xfers makes it possible for people to make and receive payments via…,S15,FINTECH,PAYMENTS,https://www.ycombinator.com/companies/xfers
102,https://bookface-images.s3.amazonaws.com/small_logos/6c8f5c4943929604147699496cec762e6182921b.png,,Kalibrr,"Makati, NCR, Philippines",Kalibrr connects SEAsian talent to your local & global jobs.,W13,B2B,OPERATIONS,https://www.ycombinator.com/companies/kalibrr
103,https://bookface-images.s3.amazonaws.com/small_logos/da7ac5641874c143a5cbbb11415e9ddf6446888f.png,,MadEats,"Makati, NCR, Philippines",Online delivery-only restaurant group in the Philippines,S21,CONSUMER,FOOD AND BEVERAGE,https://www.ycombinator.com/companies/madeats
104,https://bookface-images.s3.amazonaws.com/small_logos/4746c5eaff6f6c81f7f11e51cb6414a60b07956d.png,,OctiFi,"Singapore, Singapore",Buy Now Pay Later for Southeast Asia,W21,FINTECH,CONSUMER FINANCE,https://www.ycombinator.com/companies/octifi
105,https://bookface-images.s3.amazonaws.com/small_logos/f3e1d2e189bfe1bf79821761ab3019c3f1921ff3.png,,Saleswhale,"Singapore, Singapore",Saleswhale is an automated sales assistant that follows up with your…,S16,B2B,SALES,https://www.ycombinator.com/companies/saleswhale
106,https://bookface-images.s3.amazonaws.com/small_logos/214855b730fa1ce50df41d764d6d8b5d264baf38.png,,Suggestr,"Singapore, Singapore",Amazon-level personalization for Shopify merchants,W22,B2B,,https://www.ycombinator.com/companies/suggestr
107,https://bookface-images.s3.amazonaws.com/small_logos/ef13c682e0722d6aa718deef64884cf506fe9cce.png,,Cherry Recommends,"Singapore, Singapore",Promotion management platform,W22,B2B,,https://www.ycombinator.com/companies/cherry-recommends
108,https://bookface-images.s3.amazonaws.com/small_logos/2efe7f33198c252ca563c3f685bd5e290b4064d2.png,,Milky Way AI,"Singapore, Singapore",Mobile app for CPG brands to connect to millions of stores globally,S21,B2B,RETAIL,https://www.ycombinator.com/companies/milky-way-ai
109,https://bookface-images.s3.amazonaws.com/small_logos/3082aaa191a19f354ad6279b75ef9892a36877a5.png,,Finantier,"Singapore, Singapore",Plaid for Southeast Asia,W21,FINTECH,BANKING AND EXCHANGE,https://www.ycombinator.com/companies/finantier
110,https://bookface-images.s3.amazonaws.com/small_logos/e8ae840fc8b953875257713883615eaaa4f535d5.png,,Meson,"Singapore, Singapore",Meson is a stablecoin swap protocol among blockchains and Layer 2s,W18,CONSUMER,,https://www.ycombinator.com/companies/meson
111,https://bookface-images.s3.amazonaws.com/small_logos/cb5be1c92ec05006ff45634b3add27f2e9ab7e77.png,,Maitian.ai,"Singapore, Singapore","We make $1,000 Amazon Go stores.",W19,B2B,RETAIL,https://www.ycombinator.com/companies/maitian-ai